{
	"Version": 3,
	"Parameters": [
		{
			"Id": "Param",
			"GroupId": "ParamGroup5",
			"Name": "1"
		},
		{
			"Id": "ParamAngleX",
			"GroupId": "ParamGroup",
			"Name": "角度 X"
		},
		{
			"Id": "ParamAngleY",
			"GroupId": "ParamGroup",
			"Name": "角度 Y"
		},
		{
			"Id": "ParamAngleZ",
			"GroupId": "ParamGroup",
			"Name": "角度 Z"
		},
		{
			"Id": "ParamEyeLOpen",
			"GroupId": "ParamGroup2",
			"Name": "右眼　开闭"
		},
		{
			"Id": "ParamEyeRSmile",
			"GroupId": "ParamGroup2",
			"Name": "右眼　微笑"
		},
		{
			"Id": "ParamEyeROpen",
			"GroupId": "ParamGroup2",
			"Name": "左眼  开闭"
		},
		{
			"Id": "ParamEyeLSmile",
			"GroupId": "ParamGroup2",
			"Name": "左眼　微笑"
		},
		{
			"Id": "ParamEyeBallX",
			"GroupId": "ParamGroup2",
			"Name": "眼珠 X"
		},
		{
			"Id": "ParamEyeBallY",
			"GroupId": "ParamGroup2",
			"Name": "眼珠 Y"
		},
		{
			"Id": "ParamBrowLY",
			"GroupId": "ParamGroup2",
			"Name": "左眉上下"
		},
		{
			"Id": "ParamBrowRY",
			"GroupId": "ParamGroup2",
			"Name": "右眉　上下"
		},
		{
			"Id": "ParamBrowRX",
			"GroupId": "ParamGroup2",
			"Name": "右眉　左右"
		},
		{
			"Id": "ParamBrowLX",
			"GroupId": "ParamGroup2",
			"Name": "左眉　左右"
		},
		{
			"Id": "ParamBrowLAngle",
			"GroupId": "ParamGroup2",
			"Name": "左眉　角度"
		},
		{
			"Id": "ParamBrowRAngle",
			"GroupId": "ParamGroup2",
			"Name": "右眉　角度"
		},
		{
			"Id": "ParamBrowLForm",
			"GroupId": "ParamGroup2",
			"Name": "左眉　変形"
		},
		{
			"Id": "ParamBrowRForm",
			"GroupId": "ParamGroup2",
			"Name": "右眉　変形"
		},
		{
			"Id": "ParamMouthForm",
			"GroupId": "ParamGroup2",
			"Name": "嘴　变形"
		},
		{
			"Id": "ParamMouthOpenY",
			"GroupId": "ParamGroup2",
			"Name": "嘴闭合"
		},
		{
			"Id": "ParamCheek",
			"GroupId": "ParamGroup2",
			"Name": "脸颊泛红"
		},
		{
			"Id": "ParamBodyAngleX",
			"GroupId": "ParamGroup3",
			"Name": "身体旋转　X"
		},
		{
			"Id": "ParamBodyAngleY",
			"GroupId": "ParamGroup3",
			"Name": "身体旋转　Y"
		},
		{
			"Id": "ParamBodyAngleZ",
			"GroupId": "ParamGroup3",
			"Name": "身体旋转　Z"
		},
		{
			"Id": "ParamBreath",
			"GroupId": "ParamGroup3",
			"Name": "呼吸"
		},
		{
			"Id": "ParamHairBack",
			"GroupId": "ParamGroup4",
			"Name": "摇动 后发"
		},
		{
			"Id": "ParamHairFront",
			"GroupId": "ParamGroup4",
			"Name": "摇动 前发"
		},
		{
			"Id": "ParamHairSide",
			"GroupId": "ParamGroup4",
			"Name": "摇动 侧发"
		},
		{
			"Id": "Param_Angle_Rotation_1_ArtMesh5",
			"GroupId": "ParamGroup6",
			"Name": "[0]刘海_3"
		},
		{
			"Id": "Param_Angle_Rotation_2_ArtMesh5",
			"GroupId": "ParamGroup6",
			"Name": "[1]刘海_3"
		},
		{
			"Id": "Param_Angle_Rotation_3_ArtMesh5",
			"GroupId": "ParamGroup6",
			"Name": "[2]刘海_3"
		},
		{
			"Id": "Param_Angle_Rotation_4_ArtMesh5",
			"GroupId": "ParamGroup6",
			"Name": "[3]刘海_3"
		},
		{
			"Id": "Param_Angle_Rotation_5_ArtMesh5",
			"GroupId": "ParamGroup6",
			"Name": "[4]刘海_3"
		},
		{
			"Id": "Param_Angle_Rotation_6_ArtMesh5",
			"GroupId": "ParamGroup6",
			"Name": "[5]刘海_3"
		},
		{
			"Id": "Param_Angle_Rotation_7_ArtMesh5",
			"GroupId": "ParamGroup6",
			"Name": "[6]刘海_3"
		},
		{
			"Id": "Param_Angle_Rotation_1_ArtMesh27",
			"GroupId": "ParamGroup7",
			"Name": "[0]刘海_3"
		},
		{
			"Id": "Param_Angle_Rotation_2_ArtMesh27",
			"GroupId": "ParamGroup7",
			"Name": "[1]刘海_3"
		},
		{
			"Id": "Param_Angle_Rotation_3_ArtMesh27",
			"GroupId": "ParamGroup7",
			"Name": "[2]刘海_3"
		},
		{
			"Id": "Param_Angle_Rotation_4_ArtMesh27",
			"GroupId": "ParamGroup7",
			"Name": "[3]刘海_3"
		},
		{
			"Id": "Param_Angle_Rotation_5_ArtMesh27",
			"GroupId": "ParamGroup7",
			"Name": "[4]刘海_3"
		},
		{
			"Id": "Param_Angle_Rotation_6_ArtMesh27",
			"GroupId": "ParamGroup7",
			"Name": "[5]刘海_3"
		},
		{
			"Id": "Param_Angle_Rotation_7_ArtMesh27",
			"GroupId": "ParamGroup7",
			"Name": "[6]刘海_3"
		},
		{
			"Id": "Param_Angle_Rotation_8_ArtMesh27",
			"GroupId": "ParamGroup7",
			"Name": "[7]刘海_3"
		},
		{
			"Id": "Param_Angle_Rotation_9_ArtMesh27",
			"GroupId": "ParamGroup7",
			"Name": "[8]刘海_3"
		},
		{
			"Id": "Param_Angle_Rotation_1_ArtMesh3",
			"GroupId": "ParamGroup8",
			"Name": "[0]刘海_右"
		},
		{
			"Id": "Param_Angle_Rotation_2_ArtMesh3",
			"GroupId": "ParamGroup8",
			"Name": "[1]刘海_右"
		},
		{
			"Id": "Param_Angle_Rotation_3_ArtMesh3",
			"GroupId": "ParamGroup8",
			"Name": "[2]刘海_右"
		},
		{
			"Id": "Param_Angle_Rotation_4_ArtMesh3",
			"GroupId": "ParamGroup8",
			"Name": "[3]刘海_右"
		},
		{
			"Id": "Param_Angle_Rotation_5_ArtMesh3",
			"GroupId": "ParamGroup8",
			"Name": "[4]刘海_右"
		},
		{
			"Id": "Param_Angle_Rotation_6_ArtMesh3",
			"GroupId": "ParamGroup8",
			"Name": "[5]刘海_右"
		},
		{
			"Id": "Param_Angle_Rotation_7_ArtMesh3",
			"GroupId": "ParamGroup8",
			"Name": "[6]刘海_右"
		},
		{
			"Id": "Param_Angle_Rotation_8_ArtMesh3",
			"GroupId": "ParamGroup8",
			"Name": "[7]刘海_右"
		},
		{
			"Id": "Param_Angle_Rotation_9_ArtMesh3",
			"GroupId": "ParamGroup8",
			"Name": "[8]刘海_右"
		},
		{
			"Id": "Param_Angle_Rotation_10_ArtMesh3",
			"GroupId": "ParamGroup8",
			"Name": "[9]刘海_右"
		},
		{
			"Id": "Param_Angle_Rotation_11_ArtMesh3",
			"GroupId": "ParamGroup8",
			"Name": "[10]刘海_右"
		},
		{
			"Id": "Param_Angle_Rotation_12_ArtMesh3",
			"GroupId": "ParamGroup8",
			"Name": "[11]刘海_右"
		},
		{
			"Id": "Param_Angle_Rotation_13_ArtMesh3",
			"GroupId": "ParamGroup8",
			"Name": "[12]刘海_右"
		},
		{
			"Id": "Param_Angle_Rotation_1_ArtMesh29",
			"GroupId": "ParamGroup9",
			"Name": "[0]刘海_右"
		},
		{
			"Id": "Param_Angle_Rotation_2_ArtMesh29",
			"GroupId": "ParamGroup9",
			"Name": "[1]刘海_右"
		},
		{
			"Id": "Param_Angle_Rotation_3_ArtMesh29",
			"GroupId": "ParamGroup9",
			"Name": "[2]刘海_右"
		},
		{
			"Id": "Param_Angle_Rotation_4_ArtMesh29",
			"GroupId": "ParamGroup9",
			"Name": "[3]刘海_右"
		},
		{
			"Id": "Param_Angle_Rotation_5_ArtMesh29",
			"GroupId": "ParamGroup9",
			"Name": "[4]刘海_右"
		},
		{
			"Id": "Param_Angle_Rotation_6_ArtMesh29",
			"GroupId": "ParamGroup9",
			"Name": "[5]刘海_右"
		},
		{
			"Id": "Param_Angle_Rotation_7_ArtMesh29",
			"GroupId": "ParamGroup9",
			"Name": "[6]刘海_右"
		},
		{
			"Id": "Param_Angle_Rotation_8_ArtMesh29",
			"GroupId": "ParamGroup9",
			"Name": "[7]刘海_右"
		},
		{
			"Id": "Param_Angle_Rotation_9_ArtMesh29",
			"GroupId": "ParamGroup9",
			"Name": "[8]刘海_右"
		},
		{
			"Id": "Param_Angle_Rotation_10_ArtMesh29",
			"GroupId": "ParamGroup9",
			"Name": "[9]刘海_右"
		},
		{
			"Id": "Param_Angle_Rotation_11_ArtMesh29",
			"GroupId": "ParamGroup9",
			"Name": "[10]刘海_右"
		},
		{
			"Id": "Param_Angle_Rotation_12_ArtMesh29",
			"GroupId": "ParamGroup9",
			"Name": "[11]刘海_右"
		},
		{
			"Id": "Param_Angle_Rotation_13_ArtMesh29",
			"GroupId": "ParamGroup9",
			"Name": "[12]刘海_右"
		},
		{
			"Id": "Param_Angle_Rotation_1_ArtMesh4",
			"GroupId": "ParamGroup10",
			"Name": "[0]刘海_左"
		},
		{
			"Id": "Param_Angle_Rotation_2_ArtMesh4",
			"GroupId": "ParamGroup10",
			"Name": "[1]刘海_左"
		},
		{
			"Id": "Param_Angle_Rotation_3_ArtMesh4",
			"GroupId": "ParamGroup10",
			"Name": "[2]刘海_左"
		},
		{
			"Id": "Param_Angle_Rotation_4_ArtMesh4",
			"GroupId": "ParamGroup10",
			"Name": "[3]刘海_左"
		},
		{
			"Id": "Param_Angle_Rotation_5_ArtMesh4",
			"GroupId": "ParamGroup10",
			"Name": "[4]刘海_左"
		},
		{
			"Id": "Param_Angle_Rotation_6_ArtMesh4",
			"GroupId": "ParamGroup10",
			"Name": "[5]刘海_左"
		},
		{
			"Id": "Param_Angle_Rotation_7_ArtMesh4",
			"GroupId": "ParamGroup10",
			"Name": "[6]刘海_左"
		},
		{
			"Id": "Param_Angle_Rotation_8_ArtMesh4",
			"GroupId": "ParamGroup10",
			"Name": "[7]刘海_左"
		},
		{
			"Id": "Param_Angle_Rotation_9_ArtMesh4",
			"GroupId": "ParamGroup10",
			"Name": "[8]刘海_左"
		},
		{
			"Id": "Param_Angle_Rotation_10_ArtMesh4",
			"GroupId": "ParamGroup10",
			"Name": "[9]刘海_左"
		},
		{
			"Id": "Param_Angle_Rotation_11_ArtMesh4",
			"GroupId": "ParamGroup10",
			"Name": "[10]刘海_左"
		},
		{
			"Id": "Param_Angle_Rotation_12_ArtMesh4",
			"GroupId": "ParamGroup10",
			"Name": "[11]刘海_左"
		},
		{
			"Id": "Param_Angle_Rotation_13_ArtMesh4",
			"GroupId": "ParamGroup10",
			"Name": "[12]刘海_左"
		},
		{
			"Id": "Param_Angle_Rotation_14_ArtMesh4",
			"GroupId": "ParamGroup10",
			"Name": "[13]刘海_左"
		},
		{
			"Id": "Param_Angle_Rotation_15_ArtMesh4",
			"GroupId": "ParamGroup10",
			"Name": "[14]刘海_左"
		},
		{
			"Id": "Param_Angle_Rotation_1_ArtMesh28",
			"GroupId": "ParamGroup11",
			"Name": "[0]刘海_左"
		},
		{
			"Id": "Param_Angle_Rotation_2_ArtMesh28",
			"GroupId": "ParamGroup11",
			"Name": "[1]刘海_左"
		},
		{
			"Id": "Param_Angle_Rotation_3_ArtMesh28",
			"GroupId": "ParamGroup11",
			"Name": "[2]刘海_左"
		},
		{
			"Id": "Param_Angle_Rotation_4_ArtMesh28",
			"GroupId": "ParamGroup11",
			"Name": "[3]刘海_左"
		},
		{
			"Id": "Param_Angle_Rotation_5_ArtMesh28",
			"GroupId": "ParamGroup11",
			"Name": "[4]刘海_左"
		},
		{
			"Id": "Param_Angle_Rotation_6_ArtMesh28",
			"GroupId": "ParamGroup11",
			"Name": "[5]刘海_左"
		},
		{
			"Id": "Param_Angle_Rotation_7_ArtMesh28",
			"GroupId": "ParamGroup11",
			"Name": "[6]刘海_左"
		},
		{
			"Id": "Param_Angle_Rotation_8_ArtMesh28",
			"GroupId": "ParamGroup11",
			"Name": "[7]刘海_左"
		},
		{
			"Id": "Param_Angle_Rotation_9_ArtMesh28",
			"GroupId": "ParamGroup11",
			"Name": "[8]刘海_左"
		},
		{
			"Id": "Param_Angle_Rotation_10_ArtMesh28",
			"GroupId": "ParamGroup11",
			"Name": "[9]刘海_左"
		},
		{
			"Id": "Param_Angle_Rotation_11_ArtMesh28",
			"GroupId": "ParamGroup11",
			"Name": "[10]刘海_左"
		},
		{
			"Id": "Param_Angle_Rotation_12_ArtMesh28",
			"GroupId": "ParamGroup11",
			"Name": "[11]刘海_左"
		},
		{
			"Id": "Param_Angle_Rotation_13_ArtMesh28",
			"GroupId": "ParamGroup11",
			"Name": "[12]刘海_左"
		},
		{
			"Id": "Param_Angle_Rotation_1_ArtMesh39",
			"GroupId": "ParamGroup12",
			"Name": "[0]垂发_r"
		},
		{
			"Id": "Param_Angle_Rotation_2_ArtMesh39",
			"GroupId": "ParamGroup12",
			"Name": "[1]垂发_r"
		},
		{
			"Id": "Param_Angle_Rotation_3_ArtMesh39",
			"GroupId": "ParamGroup12",
			"Name": "[2]垂发_r"
		},
		{
			"Id": "Param_Angle_Rotation_4_ArtMesh39",
			"GroupId": "ParamGroup12",
			"Name": "[3]垂发_r"
		},
		{
			"Id": "Param_Angle_Rotation_5_ArtMesh39",
			"GroupId": "ParamGroup12",
			"Name": "[4]垂发_r"
		},
		{
			"Id": "Param_Angle_Rotation_6_ArtMesh39",
			"GroupId": "ParamGroup12",
			"Name": "[5]垂发_r"
		},
		{
			"Id": "Param_Angle_Rotation_7_ArtMesh39",
			"GroupId": "ParamGroup12",
			"Name": "[6]垂发_r"
		},
		{
			"Id": "Param_Angle_Rotation_8_ArtMesh39",
			"GroupId": "ParamGroup12",
			"Name": "[7]垂发_r"
		},
		{
			"Id": "Param_Angle_Rotation_9_ArtMesh39",
			"GroupId": "ParamGroup12",
			"Name": "[8]垂发_r"
		},
		{
			"Id": "Param_Angle_Rotation_1_ArtMesh40",
			"GroupId": "ParamGroup13",
			"Name": "[0]垂发_l"
		},
		{
			"Id": "Param_Angle_Rotation_2_ArtMesh40",
			"GroupId": "ParamGroup13",
			"Name": "[1]垂发_l"
		},
		{
			"Id": "Param_Angle_Rotation_3_ArtMesh40",
			"GroupId": "ParamGroup13",
			"Name": "[2]垂发_l"
		},
		{
			"Id": "Param_Angle_Rotation_4_ArtMesh40",
			"GroupId": "ParamGroup13",
			"Name": "[3]垂发_l"
		},
		{
			"Id": "Param_Angle_Rotation_5_ArtMesh40",
			"GroupId": "ParamGroup13",
			"Name": "[4]垂发_l"
		},
		{
			"Id": "Param_Angle_Rotation_6_ArtMesh40",
			"GroupId": "ParamGroup13",
			"Name": "[5]垂发_l"
		},
		{
			"Id": "Param_Angle_Rotation_7_ArtMesh40",
			"GroupId": "ParamGroup13",
			"Name": "[6]垂发_l"
		},
		{
			"Id": "Param_Angle_Rotation_8_ArtMesh40",
			"GroupId": "ParamGroup13",
			"Name": "[7]垂发_l"
		},
		{
			"Id": "Param_Angle_Rotation_9_ArtMesh40",
			"GroupId": "ParamGroup13",
			"Name": "[8]垂发_l"
		},
		{
			"Id": "Param_Angle_Rotation_1_ArtMesh41",
			"GroupId": "ParamGroup14",
			"Name": "[0]后发"
		},
		{
			"Id": "Param_Angle_Rotation_2_ArtMesh41",
			"GroupId": "ParamGroup14",
			"Name": "[1]后发"
		},
		{
			"Id": "Param_Angle_Rotation_3_ArtMesh41",
			"GroupId": "ParamGroup14",
			"Name": "[2]后发"
		},
		{
			"Id": "Param_Angle_Rotation_4_ArtMesh41",
			"GroupId": "ParamGroup14",
			"Name": "[3]后发"
		},
		{
			"Id": "Param_Angle_Rotation_5_ArtMesh41",
			"GroupId": "ParamGroup14",
			"Name": "[4]后发"
		},
		{
			"Id": "Param_Angle_Rotation_1_ArtMesh35",
			"GroupId": "ParamGroup15",
			"Name": "[0]挂件"
		},
		{
			"Id": "Param_Angle_Rotation_2_ArtMesh35",
			"GroupId": "ParamGroup15",
			"Name": "[1]挂件"
		},
		{
			"Id": "Param_Angle_Rotation_3_ArtMesh35",
			"GroupId": "ParamGroup15",
			"Name": "[2]挂件"
		}
	],
	"ParameterGroups": [
		{
			"Id": "ParamGroup5",
			"GroupId": "",
			"Name": "表情"
		},
		{
			"Id": "ParamGroup",
			"GroupId": "",
			"Name": "角度"
		},
		{
			"Id": "ParamGroup2",
			"GroupId": "",
			"Name": "五官"
		},
		{
			"Id": "ParamGroup3",
			"GroupId": "",
			"Name": "身体"
		},
		{
			"Id": "ParamGroup4",
			"GroupId": "",
			"Name": "头发"
		},
		{
			"Id": "ParamGroup6",
			"GroupId": "",
			"Name": "刘海_3"
		},
		{
			"Id": "ParamGroup7",
			"GroupId": "",
			"Name": "刘海_3"
		},
		{
			"Id": "ParamGroup8",
			"GroupId": "",
			"Name": "刘海_右"
		},
		{
			"Id": "ParamGroup9",
			"GroupId": "",
			"Name": "刘海_右"
		},
		{
			"Id": "ParamGroup10",
			"GroupId": "",
			"Name": "刘海_左"
		},
		{
			"Id": "ParamGroup11",
			"GroupId": "",
			"Name": "刘海_左"
		},
		{
			"Id": "ParamGroup12",
			"GroupId": "",
			"Name": "垂发_r"
		},
		{
			"Id": "ParamGroup13",
			"GroupId": "",
			"Name": "垂发_l"
		},
		{
			"Id": "ParamGroup14",
			"GroupId": "",
			"Name": "后发"
		},
		{
			"Id": "ParamGroup15",
			"GroupId": "",
			"Name": "挂件"
		}
	],
	"Parts": [
		{
			"Id": "Part31",
			"Name": "11-11.psd(未找到对应图层)"
		},
		{
			"Id": "Part27",
			"Name": "11-11.psd(未找到对应图层)"
		},
		{
			"Id": "Part",
			"Name": "定位线"
		},
		{
			"Id": "Part2",
			"Name": "刘海"
		},
		{
			"Id": "Part3",
			"Name": "眉毛"
		},
		{
			"Id": "Part4",
			"Name": "眼睛"
		},
		{
			"Id": "Part7",
			"Name": "鼻子"
		},
		{
			"Id": "Part8",
			"Name": "嘴"
		},
		{
			"Id": "Part9",
			"Name": "阴影"
		},
		{
			"Id": "Part10",
			"Name": "脸"
		},
		{
			"Id": "Part11",
			"Name": "耳朵"
		},
		{
			"Id": "Part12",
			"Name": "身子"
		},
		{
			"Id": "Part13",
			"Name": "后发"
		},
		{
			"Id": "Part20",
			"Name": "眼睛"
		},
		{
			"Id": "Part17",
			"Name": "眼睛"
		},
		{
			"Id": "ArtMesh3_Skinning",
			"Name": "刘海_右(蒙皮)"
		},
		{
			"Id": "Part16",
			"Name": "刘海_右(旋转)"
		},
		{
			"Id": "ArtMesh4_Skinning",
			"Name": "刘海_左(蒙皮)"
		},
		{
			"Id": "Part24",
			"Name": "刘海_左(旋转)"
		},
		{
			"Id": "ArtMesh5_Skinning",
			"Name": "刘海_3(蒙皮)"
		},
		{
			"Id": "Part14",
			"Name": "刘海_3(旋转)"
		},
		{
			"Id": "Part5",
			"Name": "左"
		},
		{
			"Id": "Part6",
			"Name": "右"
		},
		{
			"Id": "ArtMesh27_Skinning",
			"Name": "刘海_3(蒙皮)"
		},
		{
			"Id": "Part15",
			"Name": "刘海_3(旋转)"
		},
		{
			"Id": "ArtMesh28_Skinning",
			"Name": "刘海_左(蒙皮)"
		},
		{
			"Id": "Part25",
			"Name": "刘海_左(旋转)"
		},
		{
			"Id": "ArtMesh29_Skinning",
			"Name": "刘海_右(蒙皮)"
		},
		{
			"Id": "Part23",
			"Name": "刘海_右(旋转)"
		},
		{
			"Id": "ArtMesh35_Skinning",
			"Name": "挂件(蒙皮)"
		},
		{
			"Id": "Part30",
			"Name": "挂件(旋转)"
		},
		{
			"Id": "ArtMesh39_Skinning",
			"Name": "垂发_r(蒙皮)"
		},
		{
			"Id": "Part26",
			"Name": "垂发_r(旋转)"
		},
		{
			"Id": "ArtMesh40_Skinning",
			"Name": "垂发_l(蒙皮)"
		},
		{
			"Id": "Part28",
			"Name": "垂发_l(旋转)"
		},
		{
			"Id": "ArtMesh41_Skinning",
			"Name": "后发(蒙皮)"
		},
		{
			"Id": "Part29",
			"Name": "后发(旋转)"
		},
		{
			"Id": "Part21",
			"Name": "左"
		},
		{
			"Id": "Part22",
			"Name": "右"
		},
		{
			"Id": "Part18",
			"Name": "左"
		},
		{
			"Id": "Part19",
			"Name": "右"
		}
	]
}